{"cameraMode":{"drawMode":0,"name":"Shaded","section":"Shading Mode"},"sceneLighting":true,"audioPlay":false,"sceneViewState":{"m_AlwaysRefresh":false,"showFog":true,"showSkybox":false,"showFlares":true,"showImageEffects":true,"showParticleSystems":true,"showVisualEffectGraphs":true,"m_FxEnabled":true},"in2DMode":false,"pivot":{"x":-1.127314805984497,"y":-29.14104461669922,"z":34.438438415527347},"rotation":{"x":-0.3651289641857147,"y":0.011727223172783852,"z":-0.0045969197526574139,"w":-0.9308521747589111},"size":27.06330680847168,"orthographic":false}